Image,pageMargin,elementSpacing,spatialBalance,sizeHierarchy,typographyHierarchy,elementAlignment,textAlignment,fontChoice,textFormatting,colorScheme,colorContrast,colorApplication,elementConsistency,relatedGroups,hierarchicalFlow,emphasisTechniques,colorBrand,typographyBrand,visualStyling,visualCohesion,communicationEffectiveness
example_19184.jpg,3,4,3,4,3,4,3,3,3,3,4,3,4,3,3,2,3,3,3,3,3
example_18169.jpg,3,2,2,3,1,2,1,2,1,2,3,2,2,1,2,1,2,1,2,2,1
example_7789.jpg,4,4,4,4,4,4,4,4,4,4,4,4,4,4,4,4,4,4,4,4,4
example_18391.jpg,3,3,3,3,3,3,3,3,3,3,3,3,3,3,3,3,3,3,3,3,3
example_10586.jpg,3,4,4,3,4,4,4,4,4,4,4,4,4,4,4,4,4,4,4,4,4
example_18646.jpg,3,4,4,3,4,4,4,4,4,4,4,4,4,4,4,4,4,4,4,4,4
example_10751.jpg,3,3,3,3,3,3,3,3,3,3,3,3,3,3,3,3,3,3,3,3,3
example_7542.jpg,4,4,3,3,4,4,4,4,4,4,4,4,4,4,4,4,4,4,4,4,4
example_1115.jpg,3,3,2,2,2,2,2,2,2,2,2,2,2,2,2,2,2,2,2,2,2
example_8478.jpg,4,4,3,4,4,4,4,4,4,4,4,4,4,4,4,4,4,4,4,4,4
example_8783.jpg,4,4,3,3,3,4,4,3,3,4,4,4,4,4,4,4,4,4,4,4,4
example_10982.jpg,4,4,4,4,4,4,4,4,4,4,4,4,4,4,4,4,4,4,4,4,4
example_891.jpg,4,4,3,3,4,4,4,4,4,3,4,3,4,4,4,4,3,3,3,4,4
example_19318.jpg,3,2,1,1,1,2,1,2,1,2,1,1,2,1,1,1,1,1,1,2,1
example_9173.jpg,3,4,4,3,5,4,4,4,3,4,4,4,4,4,4,4,4,4,4,4,4
example_108.jpg,3,4,3,4,4,4,3,4,3,3,4,3,4,3,4,4,3,3,3,4,4
example_11214.jpg,4,4,4,4,4,4,4,4,3,4,3,4,4,4,4,4,4,4,4,4,4
example_823.jpg,3,4,3,4,4,4,4,4,3,3,4,3,3,3,3,3,3,3,3,3,3
example_8141.jpg,3,3,2,2,2,2,2,2,2,3,3,3,2,2,2,2,2,2,2,3,3
example_11318.jpg,4,4,4,4,4,4,4,4,4,4,4,4,4,4,4,4,4,4,4,4,4
example_9367.jpg,4,4,3,4,4,4,4,4,4,4,4,4,4,4,4,4,4,4,4,4,4
example_8239.jpg,4,3,3,4,3,4,4,3,4,4,4,4,4,4,4,4,4,4,4,4,4
example_8311.jpg,4,4,3,3,4,4,4,4,4,4,4,4,4,4,4,4,4,4,4,4,4
example_872.jpg,4,4,3,4,4,4,4,4,4,3,4,4,4,4,4,4,4,4,4,4,4
example_7496.jpg,4,4,3,3,3,4,4,3,3,4,4,4,4,4,3,3,4,4,4,4,4
example_7488.jpg,3,3,3,3,3,3,3,3,3,3,3,3,3,3,3,3,3,3,3,3,3
example_10240.jpg,4,4,3,3,4,4,4,4,3,3,3,3,4,4,4,3,3,3,3,4,4
example_9166.jpg,3,3,3,3,3,3,3,3,3,3,3,3,3,3,3,3,3,3,3,3,3
example_18738.jpg,3,3,3,3,3,3,3,3,3,3,3,3,3,3,3,3,3,3,3,3,3
example_9988.jpg,4,4,4,4,4,4,4,4,4,4,4,4,4,4,4,4,4,4,4,4,4
example_8183.jpg,3,3,2,2,2,3,3,3,3,3,3,3,3,3,3,3,3,3,3,3,3
example_18186.jpg,3,3,3,3,3,3,3,3,3,3,3,3,3,3,3,3,3,3,3,3,3
example_10920.jpg,3,4,3,4,4,4,3,4,3,4,4,4,4,4,4,4,4,4,4,4,4
example_1908.jpg,3,2,1,1,1,2,1,1,1,2,1,1,1,1,1,1,1,1,1,2,1
example_18803.jpg,4,4,3,4,4,4,4,4,4,4,4,4,4,4,4,4,4,4,4,4,4
example_9851.jpg,3,4,4,3,4,4,4,4,4,4,4,4,4,4,4,4,4,4,4,4,4
example_11026.jpg,3,3,3,3,3,3,3,3,3,3,3,3,3,3,3,3,3,3,3,3,3
example_906.jpg,3,3,2,2,2,2,2,3,3,3,3,3,3,3,2,2,3,3,3,3,3
example_18889.jpg,3,3,3,3,3,3,3,3,3,3,3,3,3,3,3,3,3,3,3,3,3
example_19084.jpg,4,4,3,3,3,3,3,4,4,4,4,4,4,4,4,4,4,4,4,4,4
example_18941.jpg,4,4,3,4,4,4,4,4,4,4,4,4,4,4,4,4,4,4,4,4,4
example_10950.jpg,4,4,3,4,4,4,4,3,3,4,4,4,4,4,4,4,4,4,4,4,4
example_8020.jpg,3,3,3,3,3,3,3,3,3,3,3,3,3,3,3,3,3,3,3,3,3
example_10896.jpg,3,4,3,4,4,4,4,4,4,4,4,4,4,4,4,4,4,4,4,4,4
example_19364.jpg,3,3,4,4,4,4,4,4,4,3,3,3,4,4,4,4,3,3,3,4,4
example_8586.jpg,4,4,3,3,3,4,4,3,3,3,3,3,4,4,3,3,3,3,3,3,3
example_7348.jpg,4,4,3,3,4,4,4,4,4,4,4,4,4,4,4,4,4,4,4,4,4
example_18383.jpg,3,3,2,2,2,2,2,2,2,2,2,2,2,2,2,2,2,2,2,2,2
example_7241.jpg,4,4,3,3,4,4,4,4,4,4,4,4,4,4,4,4,4,4,4,4,4
example_7796.jpg,3,3,3,3,3,4,4,4,4,3,4,3,4,4,4,4,4,4,4,4,4
example_10741.jpg,4,4,3,3,3,4,4,4,4,4,4,4,4,4,4,4,4,4,4,4,4
example_9537.jpg,4,4,3,3,4,4,4,4,4,4,4,4,4,4,4,4,4,4,4,4,4
example_10449.jpg,3,2,2,3,3,2,3,3,2,3,3,3,2,2,3,2,3,3,3,3,3
example_7531.jpg,3,4,3,3,4,3,4,3,4,3,4,3,3,4,4,3,3,3,3,3,4
example_8266.jpg,4,4,4,4,4,4,4,4,4,4,4,4,4,4,4,4,4,4,4,4,4
example_9632.jpg,3,3,3,3,3,3,3,3,3,3,3,3,3,3,3,3,3,3,3,3,3
example_18841.jpg,3,3,3,3,3,3,3,3,3,3,3,3,3,3,3,3,3,3,3,3,3
example_9087.jpg,3,3,3,3,3,3,3,3,3,3,3,3,3,3,3,3,3,3,3,3,3
example_10393.jpg,4,4,3,3,3,4,4,3,3,4,4,4,4,4,3,3,4,4,4,4,4
example_9423.jpg,4,4,3,4,3,4,4,3,3,4,4,4,4,4,4,3,4,4,4,4,4
example_8523.jpg,4,4,4,4,4,4,4,4,4,4,4,4,4,4,4,4,4,4,4,4,4
example_10789.jpg,3,3,3,3,3,3,3,3,3,3,3,3,3,3,3,3,3,3,3,3,3
example_9782.jpg,4,4,3,3,4,4,3,4,3,4,3,4,4,4,3,3,4,4,4,3,3
example_9089.jpg,3,3,4,4,3,4,4,3,3,4,4,4,4,4,4,4,4,4,4,4,4
example_8432.jpg,3,3,4,4,3,4,3,3,3,4,4,4,3,3,4,3,4,4,4,4,4
example_18201.jpg,3,3,2,2,2,2,2,2,2,3,3,3,2,2,2,2,2,2,2,2,2
example_19209.jpg,3,4,4,3,3,4,4,3,3,4,4,4,4,4,3,3,4,4,4,4,4
example_8755.jpg,3,4,3,4,4,4,4,3,3,3,4,3,3,3,4,3,3,3,3,3,3
example_7381.jpg,3,2,3,3,3,2,3,3,3,3,3,3,3,3,3,3,3,3,3,3,3
example_10148.jpg,4,4,3,4,5,4,5,4,4,4,4,4,4,4,4,4,4,4,4,4,4
example_19137.jpg,4,4,4,4,4,4,4,4,4,4,4,4,4,4,4,4,4,4,4,4,4
example_10025.jpg,4,4,3,4,4,4,4,4,3,4,3,4,4,4,4,4,4,4,4,4,4
example_948.jpg,4,3,4,3,4,4,3,4,3,4,4,4,4,4,4,4,4,4,4,4,4
example_8189.jpg,4,4,4,4,4,4,4,4,4,4,4,4,4,4,4,4,4,4,4,4,4
example_728.jpg,3,3,4,3,4,4,4,4,3,4,4,4,3,3,4,3,4,4,4,3,3
example_9845.jpg,3,3,3,3,3,3,3,3,3,3,3,3,3,3,3,3,3,3,3,3,3
example_1100.jpg,4,4,3,4,3,4,4,4,4,4,4,4,4,4,4,4,4,4,4,4,4
example_18362.jpg,3,4,3,4,5,4,4,4,3,4,4,3,4,4,4,4,4,4,4,4,4
example_9271.jpg,3,2,2,3,3,2,2,3,3,3,3,3,2,2,3,3,3,3,3,3,3
example_11427.jpg,4,4,3,3,3,4,4,4,4,4,4,4,4,4,4,4,4,4,4,4,4
example_866.jpg,4,4,4,4,4,4,4,4,4,4,4,4,4,4,4,4,4,4,4,4,4
example_8729.jpg,3,3,2,2,1,2,1,2,1,2,2,2,2,1,2,1,2,2,2,2,2
example_10136.jpg,4,4,3,4,4,4,4,4,4,4,4,4,4,4,4,4,4,4,4,4,4
example_950.jpg,3,2,2,3,3,2,1,3,2,2,3,2,2,1,2,1,2,2,2,2,2
example_8050.jpg,3,3,3,3,3,3,3,3,3,3,3,3,3,3,3,3,3,3,3,3,3
example_19035.jpg,3,3,3,3,3,3,3,3,3,3,3,3,3,3,3,3,3,3,3,3,3
example_1004.jpg,4,4,4,4,4,4,4,4,4,4,4,4,4,4,4,4,4,4,4,4,4
example_11327.jpg,3,4,4,4,4,4,4,4,4,4,4,4,4,4,4,4,4,4,4,4,4
example_8513.jpg,3,3,3,3,3,3,3,3,3,3,3,3,3,3,3,3,3,3,3,3,3
example_8519.jpg,3,2,2,1,1,2,1,2,1,2,3,2,2,1,2,1,2,2,2,2,2
example_18909.jpg,4,4,3,3,3,4,4,4,4,4,4,4,4,4,4,4,4,4,4,4,4
example_8890.jpg,3,3,3,3,3,3,3,3,3,3,3,3,3,3,3,3,3,3,3,3,3
example_19230.jpg,4,4,3,3,4,4,4,4,4,3,4,3,4,4,4,4,3,4,3,4,4
example_8719.jpg,3,3,3,3,3,3,3,3,3,3,3,3,3,3,3,3,3,3,3,3,3
example_18998.jpg,3,3,3,3,3,3,3,3,3,3,3,3,3,3,3,3,3,3,3,3,3
example_18672.jpg,3,3,3,3,3,3,3,3,3,3,3,3,3,3,3,3,3,3,3,3,3
example_10909.jpg,4,4,3,3,4,4,4,4,4,4,4,4,4,4,4,4,4,4,4,4,4
example_11316.jpg,4,4,4,4,4,4,4,4,4,4,4,4,4,4,4,4,4,4,4,4,4
example_9032.jpg,3,3,2,2,2,2,2,3,3,3,3,3,2,2,2,2,3,3,3,3,3
example_1808.jpg,4,4,3,4,4,4,4,4,4,4,4,4,4,4,4,4,4,4,4,4,4
